image_filename,name,team,image_downloaded
1718439926501-_-%E3%80%90%E7%AC%91%E9%A1%94%E3%80%91%20%E5%B2%A1%E9%83%A8%20%E5%B4%87%E4%BA%BA.jpg,岡部崇人,横浜キヤノンイーグルス,Yes
1729174312177-_-%E3%80%90Smile%E3%80%91%20Sena%20KIMURA.jpg,木村星南,東芝ブレイブルーパス東京,Yes
1729174272745-_-%E3%80%90Smile%E3%80%91%20Opeti%20HELU.jpg,オペティ・ヘル,クボタスピアーズ船橋・東京ベイ,Yes
1718440385644-_-%E3%80%90%E7%AC%91%E9%A1%94%E3%80%91%20%E7%AB%B9%E5%86%85%20%E6%9F%8A%E5%B9%B3.jpg,竹内柊平,浦安D-Rocks,Yes
1718440403936-_-%E3%80%90%E7%AC%91%E9%A1%94%E3%80%91%20%E7%82%BA%E6%88%BF%20%E6%85%B6%E6%AC%A1%E6%9C%97.jpg,為房慶次朗,クボタスピアーズ船橋・東京ベイ,Yes
1718440971636-_-%E3%80%90%E7%AC%91%E9%A1%94%E3%80%91%20%E8%8C%82%E5%8E%9F%20%E9%9A%86%E7%94%B1.jpg,茂原隆由,静岡ブルーレヴズ,Yes
1731867470194-_-morikawa_yukio.jpg,森川由起乙,東京サントリーサンゴリアス,Yes
1721090500635-_-%E3%80%90%E7%AC%91%E9%A1%94%E3%80%91%20%E5%9D%82%E6%89%8B%20%E6%B7%B3%E5%8F%B2.jpg,坂手淳史,埼玉パナソニックワイルドナイツ,Yes
1729174873311-_-%E3%80%90Smile%E3%80%91%20Kenta%20MATSUOKA.jpg,松岡賢太,コベルコ神戸スティーラーズ,Yes
1718440860804-_-%E3%80%90%E7%AC%91%E9%A1%94%E3%80%91%20%E5%8E%9F%E7%94%B0%20%E8%A1%9B.jpg,原田衛,東芝ブレイブルーパス東京,Yes
1731863528242-_-lee.jpg,李承爀,三菱重工相模原ダイナボアーズ,Yes
1718440677088-_-%E3%80%90%E7%AC%91%E9%A1%94%E3%80%91%20%E3%82%B5%E3%82%A6%E3%83%9E%E3%82%AD%20%E3%82%A2%E3%83%9E%E3%83%8A%E3%82%AD.jpg,サウマキアマナキ,コベルコ神戸スティーラーズ,Yes
1718440100726-_-%E3%80%90%E7%AC%91%E9%A1%94%E3%80%91%20%E3%82%B5%E3%83%8A%E3%82%A4%E3%83%A9%E3%83%BB%E3%83%AF%E3%82%AF%E3%82%A1.jpg,サナイラ・ワクァ,花園近鉄ライナーズ,Yes
1718440213971-_-%E3%80%90%E7%AC%91%E9%A1%94%E3%80%91%20%E4%B8%8B%E5%B7%9D%20%E7%94%B2%E5%97%A3.jpg,下川甲嗣,東京サントリーサンゴリアス,Yes
1729174164260-_-%E3%80%90Smile%E3%80%91%20Daichi%20AKIYAMA.jpg,秋山大地,トヨタヴェルブリッツ,Yes
1729174252037-_-%E3%80%90Smile%E3%80%91%20Epineri%20ULUIVITI.jpg,エピネリ・ウルイヴァイティ,三菱重工相模原ダイナボアーズ,Yes
1718441058873-_-%E3%80%90%E7%AC%91%E9%A1%94%E3%80%91%20%E3%83%AF%E3%83%BC%E3%83%8A%E3%83%BC.jpg,ワーナー・ディアンズ,東芝ブレイブルーパス東京,Yes
1729174755689-_-%E3%80%90Smile%E3%80%91%20Kazuki%20HIMENO.jpg,姫野和樹,トヨタヴェルブリッツ,Yes
1729174143421-_-%E3%80%90Smile%E3%80%91%20Isaiah%20MAPUSUA.jpg,アイザイア・マプスア,トヨタヴェルブリッツ,Yes
1731399992834-_-0F0A7350.jpg,ベン・ガンター,埼玉パナソニックワイルドナイツ,Yes
1729174678786-_-%E3%80%90Smile%E3%80%91%20Tevita%20TATAFU.jpg,テビタ・タタフ,ユニオン・ボルドー・ベグル [FRA],Yes
1729174856018-_-0F0A7380.jpg,ファカタヴァアマト,リコーブラックラムズ東京,Yes
1718440885796-_-%E3%80%90%E7%AC%91%E9%A1%94%E3%80%91%20%E3%83%9E%E3%82%AD%E3%82%B7.jpg,ファウルア・マキシ,クボタスピアーズ船橋・東京ベイ,Yes
1729174184613-_-%E3%80%90Smile%E3%80%91%20Ren%20IINUMA.jpg,飯沼蓮,浦安D-Rocks,Yes
1718439994014-_-%E3%80%90%E7%AC%91%E9%A1%94%E3%80%91%20%E5%B0%8F%E5%B1%B1%20%E5%A4%A7%E8%BC%9D.jpg,小山大輝,埼玉パナソニックワイルドナイツ,Yes
1718440037091-_-%E3%80%90%E7%AC%91%E9%A1%94%E3%80%91%20%E9%BD%8B%E8%97%A4%20%E7%9B%B4%E4%BA%BA.jpg,齋藤直人,スタッド・トゥール—ザン [FRA],Yes
1718440927944-_-%E3%80%90%E7%AC%91%E9%A1%94%E3%80%91%20%E8%97%A4%E5%8E%9F%20%E5%BF%8D.jpg,藤原忍,クボタスピアーズ船橋・東京ベイ,Yes
1729174385853-_-%E3%80%90Smile%E3%80%91%20Harumichi%20TATEKAWA.jpg,立川理道,クボタスピアーズ船橋・東京ベイ,Yes
1729174698339-_-%E3%80%90Smile%E3%80%91%20Ichigo%20NAKAKUSU.jpg,中楠一期,リコーブラックラムズ東京,Yes
1731864796736-_-kotaro%20ITO.jpg,伊藤耕太郎,リコーブラックラムズ東京,Yes
1729174365478-_-%E3%80%90Smile%E3%80%91%20Jone%20NAIKABULA.jpg,ジョネ・ナイカブラ,東芝ブレイブルーパス東京,Yes
1729174903057-_-%E3%80%90Smile%E3%80%91%20Malo%20TUITAMA.jpg,マロ・ツイタマ,静岡ブルーレヴズ,Yes
1729174736525-_-%E3%80%90Smile%E3%80%91%20Junta%20HAMANO.jpg,濱野隼大,コベルコ神戸スティーラーズ,Yes
1718439947788-_-%E3%80%90%E7%AC%91%E9%A1%94%E3%80%91%20%E9%95%B7%E7%94%B0%20%E6%99%BA%E5%B8%8C.jpg,長田智希,埼玉パナソニックワイルドナイツ,Yes
1718440757658-_-%E3%80%90%E7%AC%91%E9%A1%94%E3%80%91%20%E3%83%A9%E3%82%A4%E3%83%AA%E3%83%BC.jpg,ディラン・ライリー,埼玉パナソニックワイルドナイツ,Yes
1729174710762-_-%E3%80%90Smile%E3%80%91%20Nicholas%20MCCURRAN.jpg,ニコラス・マクカラン,トヨタヴェルブリッツ,Yes
1729174233163-_-%E3%80%90Smile%E3%80%91%20Yuki%20IKEDA.jpg,池田悠希,リコーブラックラムズ東京,Yes
1729174293397-_-%E3%80%90Smile%E3%80%91%20Yusuke%20KAJIMURA.jpg,梶村祐介,横浜キヤノンイーグルス,Yes
1729174346964-_-%E3%80%90Smile%E3%80%91%20Siosaia%20FIFITA.jpg,シオサイア・フィフィタ,トヨタヴェルブリッツ,Yes
1718939324064-_-%E3%80%90%E7%AC%91%E9%A1%94%E3%80%91%20%E7%9F%A2%E5%B4%8E%20%E7%94%B1%E9%AB%98.jpg,矢崎由高,早稲田大学,Yes
1729174888342-_-%E3%80%90Smile%E3%80%91%20Takuro%20MATSUNAGA.jpg,松永拓朗,東芝ブレイブルーパス東京,Yes
